class,support,producer_accuracy,user_accuracy,f1
0,847,1.0,0.9976442873969376,0.9988207547169812
1,972,0.9979423868312757,0.9989701338825953,0.9984559958826557
2,977,0.9989764585465711,1.0,0.9994879672299026
3,923,1.0,1.0,1.0
4,1110,1.0,1.0,1.0
