class,support,producer_accuracy,user_accuracy,f1
0,900,0.6244444444444445,0.8086330935251799,0.7047021943573668
1,900,0.7333333333333333,0.6220546654099905,0.673125956144824
2,900,0.49666666666666665,0.5126146788990825,0.5045146726862302
3,900,0.9988888888888889,0.9955703211517165,0.9972268441486413
4,900,0.6166666666666667,0.5727554179566563,0.593900481540931
