class,support,producer_accuracy,user_accuracy,f1
0,900,0.5566666666666666,0.6715817694369973,0.6087484811664641
1,900,0.35444444444444445,0.4375857338820302,0.39165131982811535
2,900,0.5266666666666666,0.42741208295761945,0.4718765555002488
3,900,0.9988888888888889,0.9911797133406836,0.9950193691200887
4,900,0.5266666666666666,0.4697720515361744,0.4965950759559979
