class,support,producer_accuracy,user_accuracy,f1
0,654,0.9617737003058104,0.9812792511700468,0.9714285714285714
1,642,0.9641744548286605,0.8742937853107344,0.9170370370370371
2,971,0.8681771369721936,0.8097982708933718,0.8379721669980119
3,244,1.0,0.9878542510121457,0.9938900203665988
4,834,0.7757793764988009,0.9138418079096046,0.8391699092088197
