class,support,producer_accuracy,user_accuracy,f1
0,654,1.0,1.0,1.0
1,642,0.9968847352024922,1.0,0.9984399375975038
2,971,0.9732234809474768,0.9732234809474768,0.9732234809474768
3,244,1.0,0.991869918699187,0.9959183673469388
4,834,0.9712230215827338,0.9712230215827338,0.9712230215827338
