class,support,producer_accuracy,user_accuracy,f1
0,900,1.0,1.0,1.0
1,900,0.9966666666666667,1.0,0.9983305509181971
2,900,0.9822222222222222,0.9966178128523112,0.9893676552881925
3,900,1.0,0.9594882729211087,0.9793253536452666
4,900,0.9755555555555555,1.0,0.9876265466816647
