class,support,producer_accuracy,user_accuracy,f1
0,900,1.0,0.9977827050997783,0.9988901220865705
1,900,0.9977777777777778,0.9988876529477196,0.9983324068927181
2,900,0.9977777777777778,1.0,0.9988876529477196
3,900,1.0,0.994475138121547,0.9972299168975068
4,900,0.9955555555555555,1.0,0.9977728285077951
