class,support,producer_accuracy,user_accuracy,f1
0,654,1.0,1.0,1.0
1,642,0.9984423676012462,1.0,0.9992205767731879
2,971,0.9752832131822863,0.9742798353909465,0.9747812660833761
3,244,1.0,1.0,1.0
4,834,0.9712230215827338,0.9712230215827338,0.9712230215827338
