class,support,producer_accuracy,user_accuracy,f1
0,654,0.9938837920489296,0.9984639016897081,0.9961685823754789
1,642,0.9937694704049844,0.9845679012345679,0.9891472868217055
2,971,0.9392378990731205,0.9212121212121213,0.9301376848546661
3,244,0.9918032786885246,1.0,0.9958847736625513
4,834,0.9112709832134293,0.9336609336609336,0.9223300970873786
