feature,importance
dem,0.6472028156582167
confidence,0.3527971843417833
