feature,importance
dem,0.21876614160075117
ndvi_time_mean,0.1635981965631876
ndvi_time_max,0.12575372683710048
2013_ndvi_point,0.10733766819015952
2014_ndvi_point,0.09648079137835161
ndvi_time_min,0.08535863963340062
2012_ndvi_point,0.06379262709124138
confidence,0.02965829837603453
ndvi_time_std,0.026646096446705837
twi_proxy,0.0251994967512538
slope,0.022677378952430084
ndvi_time_range,0.021494131433861266
aspect,0.013236806745522212
