task,model,label_source,n_train,n_val,features,overall_accuracy,macro_f1
fvc_ndvi,random_forest,proxy,10500,4500,mean_ndvi,0.9988888888888888,0.998888887928897
fvc_ndvi,hist_gradient_boosting,proxy,10500,4500,mean_ndvi,0.9982222222222222,0.998222585466462
fvc_ndvi,mlp_prototype,proxy,10500,4500,mean_ndvi,0.9908888888888888,0.9909300213066642
subtype,hist_gradient_boosting,proxy,10500,4500,confidence;dem,0.694,0.6946940297755987
subtype,random_forest,proxy,10500,4500,confidence;dem,0.6697777777777778,0.6699519961614288
subtype,mlp_prototype,proxy,10500,4500,confidence;dem,0.5926666666666667,0.5927781603141831
